{"cameraMode":{"drawMode":0,"name":"Shaded","section":"Shading Mode"},"sceneLighting":true,"audioPlay":false,"sceneViewState":{"showFog":true,"showMaterialUpdate":false,"showSkybox":true,"showFlares":true,"showImageEffects":true,"showParticleSystems":true},"in2DMode":false,"pivot":{"x":-25.80560302734375,"y":-1.399658203125,"z":-10.05029296875},"rotation":{"x":0.034331176429986957,"y":-0.15432415902614594,"z":0.005775731522589922,"w":0.9877184629440308},"size":1.4284406900405884,"orthographic":true}