{"cameraMode":{"drawMode":0,"name":"Shaded","section":"Shading Mode"},"sceneLighting":true,"audioPlay":false,"sceneViewState":{"showFog":true,"showMaterialUpdate":false,"showSkybox":false,"showFlares":true,"showImageEffects":true,"showParticleSystems":true},"in2DMode":false,"pivot":{"x":-56.189998626708987,"y":2.2156643867492677,"z":102.90251159667969},"rotation":{"x":-0.13176649808883668,"y":0.8565352559089661,"z":-0.2697078287601471,"w":-0.4203105866909027},"size":665.6717529296875,"orthographic":true}