{"cameraMode":{"drawMode":0,"name":"Shaded","section":"Shading Mode"},"sceneLighting":true,"audioPlay":false,"sceneViewState":{"showFog":true,"showMaterialUpdate":false,"showSkybox":false,"showFlares":true,"showImageEffects":true,"showParticleSystems":true},"in2DMode":false,"pivot":{"x":22.26784324645996,"y":-68.53004455566406,"z":79.8036880493164},"rotation":{"x":0.6171004176139832,"y":0.000217266206163913,"z":0.0005712988204322755,"w":0.7872817516326904},"size":226.22056579589845,"orthographic":false}