{"cameraMode":{"drawMode":0,"name":"Shaded","section":"Shading Mode"},"sceneLighting":false,"audioPlay":false,"sceneViewState":{"showFog":true,"showMaterialUpdate":false,"showSkybox":false,"showFlares":true,"showImageEffects":true,"showParticleSystems":true},"in2DMode":false,"pivot":{"x":0.06626302003860474,"y":1.3995205163955689,"z":-18.171192169189454},"rotation":{"x":-0.10662655532360077,"y":0.00724065862596035,"z":-0.0019651527982205154,"w":-0.9945881366729736},"size":1.4318376779556275,"orthographic":true}